run_id,policy,schedule_block,sequence_index,sample_index,query_start_s,query_end_s,query_midpoint_s,query_latency_s,relative_to_kernel_start_s,energy_mJ
whole_precision_1785237375018_fp16_scalar_all_b0_p0,fp16_scalar_all,0,0,0,174071.000635,174071.001844,174071.00124,0.00120883301133,0.000669952481985,9764232130
whole_precision_1785237375018_fp16_scalar_all_b0_p0,fp16_scalar_all,0,0,1,174071.501932,174071.50531,174071.503621,0.00337881199084,0.503051332984,9764336907
whole_precision_1785237375018_fp16_scalar_all_b0_p0,fp16_scalar_all,0,0,2,174072.005381,174072.006759,174072.00607,0.0013782280148,1.00550000998,9764429438
whole_precision_1785237375018_fp16_scalar_all_b0_p0,fp16_scalar_all,0,0,3,174072.506786,174072.509214,174072.508,0.00242742200498,1.50743050096,9764520027
whole_precision_1785237375018_fp16_scalar_all_b0_p0,fp16_scalar_all,0,0,4,174073.009337,174073.010731,174073.010034,0.00139405901427,2.0094646955,9764612472
whole_precision_1785237375018_fp16_scalar_all_b0_p0,fp16_scalar_all,0,0,5,174073.510798,174073.512144,174073.511471,0.00134689602419,2.51090124997,9764703276
whole_precision_1785237375018_fp16_scalar_all_b0_p0,fp16_scalar_all,0,0,6,174074.012256,174074.014834,174074.013545,0.00257718202192,3.01297521399,9764792673
whole_precision_1785237375018_fp16_scalar_all_b0_p0,fp16_scalar_all,0,0,7,174074.514924,174074.516328,174074.515626,0.00140439299867,3.51505651249,9764884358
whole_precision_1785237375018_fp16_scalar_all_b0_p0,fp16_scalar_all,0,0,8,174075.016419,174075.021688,174075.019054,0.00526922897552,4.0184840665,9764974858
whole_precision_1785237375018_fp16_scalar_all_b0_p0,fp16_scalar_all,0,0,9,174075.521805,174075.523169,174075.522487,0.00136371399276,4.52191731599,9765067407
whole_precision_1785237375018_fp16_scalar_all_b0_p0,fp16_scalar_all,0,0,10,174076.023304,174076.024679,174076.023992,0.00137513998197,5.02342216799,9765159048
whole_precision_1785237375018_fp16_scalar_all_b0_p0,fp16_scalar_all,0,0,11,174076.524801,174076.526169,174076.525485,0.00136772598489,5.52491546501,9765249748
whole_precision_1785237375018_fp16_scalar_all_b0_p0,fp16_scalar_all,0,0,12,174077.026309,174077.029715,174077.028012,0.0034057770099,6.0274425275,9765339623
whole_precision_1785237375018_fp16_scalar_all_b0_p0,fp16_scalar_all,0,0,13,174077.529839,174077.53123,174077.530534,0.00139047199627,6.529964758,9765432029
whole_precision_1785237375018_fp16_scalar_all_b0_p0,fp16_scalar_all,0,0,14,174078.031328,174078.032695,174078.032012,0.00136704099714,7.03144183647,9765523778
whole_precision_1785237375018_fp16_scalar_all_b0_p0,fp16_scalar_all,0,0,15,174078.532848,174078.534183,174078.533515,0.00133482101955,7.53294542051,9765614974
whole_precision_1785237375018_fp16_scalar_all_b0_p0,fp16_scalar_all,0,0,16,174079.034306,174079.035672,174079.034989,0.00136587300221,8.03441936747,9765705843
whole_precision_1785237375018_fp16_scalar_all_b0_p0,fp16_scalar_all,0,0,17,174079.535766,174079.537167,174079.536467,0.00140064398875,8.535896858,9765796318
whole_precision_1785237375018_fp16_scalar_all_b0_p0,fp16_scalar_all,0,0,18,174080.037256,174080.038518,174080.037887,0.00126209002337,9.03731760397,9765905243
whole_precision_1785237375018_fp16_scalar_all_b0_p0,fp16_scalar_all,0,0,19,174080.538984,174080.544642,174080.541813,0.00565764601924,9.541243399,9765998430
whole_precision_1785237375018_fp16_scalar_all_b0_p0,fp16_scalar_all,0,0,20,174081.045001,174081.046382,174081.045692,0.0013815369748,10.0451219395,9766090769
whole_precision_1785237375018_fp16_scalar_all_b0_p0,fp16_scalar_all,0,0,21,174081.547271,174081.54864,174081.547956,0.00136951400782,10.547386012,9766182764
whole_precision_1785237375018_fp16_scalar_all_b0_p0,fp16_scalar_all,0,0,22,174082.049359,174082.050775,174082.050067,0.00141529200482,11.049497412,9766274420
whole_precision_1785237375018_fp16_scalar_all_b0_p0,fp16_scalar_all,0,0,23,174082.552198,174082.553583,174082.55289,0.00138497599983,11.552320604,9766365846
whole_precision_1785237375018_fp16_scalar_all_b0_p0,fp16_scalar_all,0,0,24,174083.054978,174083.056337,174083.055658,0.00135883002076,12.055088059,9766456963
whole_precision_1785237375018_fp16_scalar_all_b0_p0,fp16_scalar_all,0,0,25,174083.556468,174083.55785,174083.557159,0.00138248197618,12.55658929,9766547947
whole_precision_1785237375018_fp16_scalar_all_b0_p0,fp16_scalar_all,0,0,26,174084.059603,174084.060994,174084.060299,0.00139088998549,13.059729179,9766639061
whole_precision_1785237375018_fp16_scalar_all_b0_p0,fp16_scalar_all,0,0,27,174084.561143,174084.562472,174084.561807,0.00132876299904,13.5612377225,9766729868
whole_precision_1785237375018_fp16_scalar_all_b0_p0,fp16_scalar_all,0,0,28,174085.06446,174085.065833,174085.065146,0.00137334701139,14.0645766025,9766799223
whole_precision_1785237375018_fp16_scalar_all_b0_p0,fp16_scalar_all,0,0,29,174085.065838,174085.067041,174085.066439,0.00120356399566,14.065869584,9766799223
whole_precision_1785237389633_fp16x2_all_b0_p1,fp16x2_all,0,1,0,174086.093595,174086.094817,174086.094206,0.00122124998597,0.000677845993778,9766929657
whole_precision_1785237389633_fp16x2_all_b0_p1,fp16x2_all,0,1,1,174086.59627,174086.597688,174086.596979,0.00141737799277,0.503450865013,9767020709
whole_precision_1785237389633_fp16x2_all_b0_p1,fp16x2_all,0,1,2,174087.099157,174087.100518,174087.099838,0.0013611940085,1.006309544,9767114454
whole_precision_1785237389633_fp16x2_all_b0_p1,fp16x2_all,0,1,3,174087.602094,174087.603511,174087.602803,0.00141656398773,1.50927459699,9767208523
whole_precision_1785237389633_fp16x2_all_b0_p1,fp16x2_all,0,1,4,174088.105069,174088.106411,174088.10574,0.00134205599898,2.01221224599,9767303093
whole_precision_1785237389633_fp16x2_all_b0_p1,fp16x2_all,0,1,5,174088.608031,174088.60946,174088.608746,0.00142866600072,2.51521769798,9767397695
whole_precision_1785237389633_fp16x2_all_b0_p1,fp16x2_all,0,1,6,174089.111092,174089.112516,174089.111804,0.00142388598761,3.01827610799,9767492214
whole_precision_1785237389633_fp16x2_all_b0_p1,fp16x2_all,0,1,7,174089.614204,174089.615592,174089.614898,0.00138741798582,3.52137000198,9767586502
whole_precision_1785237389633_fp16x2_all_b0_p1,fp16x2_all,0,1,8,174090.117278,174090.118682,174090.11798,0.00140423298581,4.02445183048,9767680677
whole_precision_1785237389633_fp16x2_all_b0_p1,fp16x2_all,0,1,9,174090.620405,174090.621753,174090.621079,0.00134820400854,4.52755114701,9767774865
whole_precision_1785237389633_fp16x2_all_b0_p1,fp16x2_all,0,1,10,174091.123413,174091.124809,174091.124111,0.00139516001218,5.03058298197,9767869517
whole_precision_1785237389633_fp16x2_all_b0_p1,fp16x2_all,0,1,11,174091.626491,174091.627877,174091.627184,0.00138599399361,5.53365588197,9767964521
whole_precision_1785237389633_fp16x2_all_b0_p1,fp16x2_all,0,1,12,174092.129577,174092.130921,174092.130249,0.00134397498914,6.03672096951,9768059854
whole_precision_1785237389633_fp16x2_all_b0_p1,fp16x2_all,0,1,13,174092.632657,174092.634013,174092.633335,0.00135636801133,6.53980719298,9768155193
whole_precision_1785237389633_fp16x2_all_b0_p1,fp16x2_all,0,1,14,174093.135773,174093.137195,174093.136484,0.00142232800135,7.042956216,9768250543
whole_precision_1785237389633_fp16x2_all_b0_p1,fp16x2_all,0,1,15,174093.638978,174093.640379,174093.639678,0.00140156800626,7.546150379,9768345652
whole_precision_1785237389633_fp16x2_all_b0_p1,fp16x2_all,0,1,16,174094.142173,174094.143538,174094.142856,0.00136470800499,8.04932764199,9768440594
whole_precision_1785237389633_fp16x2_all_b0_p1,fp16x2_all,0,1,17,174094.64536,174094.646699,174094.646029,0.00133920798544,8.55250109598,9768535484
whole_precision_1785237389633_fp16x2_all_b0_p1,fp16x2_all,0,1,18,174095.148535,174095.149894,174095.149215,0.00135885601048,9.05568665997,9768630687
whole_precision_1785237389633_fp16x2_all_b0_p1,fp16x2_all,0,1,19,174095.651743,174095.65309,174095.652417,0.00134675999288,9.558888695,9768726333
whole_precision_1785237389633_fp16x2_all_b0_p1,fp16x2_all,0,1,20,174096.15496,174096.156337,174096.155649,0.00137687200913,10.062120772,9768822417
whole_precision_1785237389633_fp16x2_all_b0_p1,fp16x2_all,0,1,21,174096.658202,174096.65962,174096.658911,0.00141810701462,10.5653829465,9768918679
whole_precision_1785237389633_fp16x2_all_b0_p1,fp16x2_all,0,1,22,174097.161534,174097.162897,174097.162216,0.001363613992,11.068687489,9769014912
whole_precision_1785237389633_fp16x2_all_b0_p1,fp16x2_all,0,1,23,174097.664818,174097.666197,174097.665508,0.00137863698183,11.5719797435,9769111010
whole_precision_1785237389633_fp16x2_all_b0_p1,fp16x2_all,0,1,24,174098.168128,174098.169683,174098.168906,0.00155412897584,12.0753774805,9769207006
whole_precision_1785237389633_fp16x2_all_b0_p1,fp16x2_all,0,1,25,174098.671628,174098.673908,174098.672768,0.00227976698079,12.5792397735,9769302794
whole_precision_1785237389633_fp16x2_all_b0_p1,fp16x2_all,0,1,26,174099.175648,174099.177432,174099.17654,0.00178361299913,13.0830121325,9769398802
whole_precision_1785237389633_fp16x2_all_b0_p1,fp16x2_all,0,1,27,174099.679308,174099.680929,174099.680118,0.00162131999969,13.586590217,9769479766
whole_precision_1785237389633_fp16x2_all_b0_p1,fp16x2_all,0,1,28,174099.680934,174099.682229,174099.681581,0.00129481899785,13.5880534245,9769479766
whole_precision_1785237404726_fp32_io_fp32_all_b0_p2,fp32_io_fp32_all,0,2,0,174100.704352,174100.708363,174100.706358,0.00401098301518,0.00207087650779,9769612370
whole_precision_1785237404726_fp32_io_fp32_all_b0_p2,fp32_io_fp32_all,0,2,1,174101.208969,174101.211903,174101.210436,0.00293397399946,0.506148782995,9769705456
whole_precision_1785237404726_fp32_io_fp32_all_b0_p2,fp32_io_fp32_all,0,2,2,174101.712603,174101.715862,174101.714233,0.00325900898315,1.00994573149,9769804422
whole_precision_1785237404726_fp32_io_fp32_all_b0_p2,fp32_io_fp32_all,0,2,3,174102.215938,174102.217905,174102.216921,0.00196645001415,1.51263434,9769903331
whole_precision_1785237404726_fp32_io_fp32_all_b0_p2,fp32_io_fp32_all,0,2,4,174102.717965,174102.719265,174102.718615,0.00129930401454,2.014327885,9770001287
whole_precision_1785237404726_fp32_io_fp32_all_b0_p2,fp32_io_fp32_all,0,2,5,174103.219423,174103.224436,174103.221929,0.00501258001896,2.517642358,9770100192
whole_precision_1785237404726_fp32_io_fp32_all_b0_p2,fp32_io_fp32_all,0,2,6,174103.72451,174103.726786,174103.725648,0.00227563199587,3.02136090701,9770199382
whole_precision_1785237404726_fp32_io_fp32_all_b0_p2,fp32_io_fp32_all,0,2,7,174104.226878,174104.228197,174104.227538,0.00131956799305,3.52325045,9770315949
whole_precision_1785237404726_fp32_io_fp32_all_b0_p2,fp32_io_fp32_all,0,2,8,174104.728286,174104.730124,174104.729205,0.00183794499026,4.02491828849,9770413887
whole_precision_1785237404726_fp32_io_fp32_all_b0_p2,fp32_io_fp32_all,0,2,9,174105.230217,174105.231571,174105.230894,0.00135403801687,4.52660738199,9770513300
whole_precision_1785237404726_fp32_io_fp32_all_b0_p2,fp32_io_fp32_all,0,2,10,174105.731669,174105.732951,174105.73231,0.00128173301346,5.02802277348,9770610397
whole_precision_1785237404726_fp32_io_fp32_all_b0_p2,fp32_io_fp32_all,0,2,11,174106.232999,174106.234385,174106.233692,0.00138544599758,5.529404745,9770709438
whole_precision_1785237404726_fp32_io_fp32_all_b0_p2,fp32_io_fp32_all,0,2,12,174106.734504,174106.737485,174106.735994,0.00298065500101,6.03170733849,9770806517
whole_precision_1785237404726_fp32_io_fp32_all_b0_p2,fp32_io_fp32_all,0,2,13,174107.237568,174107.238983,174107.238275,0.00141448099748,6.53398819748,9770905677
whole_precision_1785237404726_fp32_io_fp32_all_b0_p2,fp32_io_fp32_all,0,2,14,174107.739099,174107.740417,174107.739758,0.00131830200553,7.035471143,9771003397
whole_precision_1785237404726_fp32_io_fp32_all_b0_p2,fp32_io_fp32_all,0,2,15,174108.240536,174108.241876,174108.241206,0.00134093200904,7.5369189,9771099849
whole_precision_1785237404726_fp32_io_fp32_all_b0_p2,fp32_io_fp32_all,0,2,16,174108.741973,174108.7433,174108.742636,0.00132724500145,8.03834941352,9771199129
whole_precision_1785237404726_fp32_io_fp32_all_b0_p2,fp32_io_fp32_all,0,2,17,174109.243409,174109.244753,174109.244081,0.00134397600777,8.53979406899,9771297235
whole_precision_1785237404726_fp32_io_fp32_all_b0_p2,fp32_io_fp32_all,0,2,18,174109.744873,174109.749614,174109.747243,0.00474063900765,9.04295636149,9771414159
whole_precision_1785237404726_fp32_io_fp32_all_b0_p2,fp32_io_fp32_all,0,2,19,174110.24974,174110.251111,174110.250426,0.00137097100378,9.5461388925,9771513258
whole_precision_1785237404726_fp32_io_fp32_all_b0_p2,fp32_io_fp32_all,0,2,20,174110.751235,174110.752619,174110.751927,0.00138441100717,10.0476399805,9771611369
whole_precision_1785237404726_fp32_io_fp32_all_b0_p2,fp32_io_fp32_all,0,2,21,174111.25274,174111.254102,174111.253421,0.00136224200833,10.549133595,9771708764
whole_precision_1785237404726_fp32_io_fp32_all_b0_p2,fp32_io_fp32_all,0,2,22,174111.754228,174111.755572,174111.7549,0.0013448910031,11.0506129055,9771805590
whole_precision_1785237404726_fp32_io_fp32_all_b0_p2,fp32_io_fp32_all,0,2,23,174112.255665,174112.258887,174112.257276,0.00322167799459,11.552988705,9771901925
whole_precision_1785237404726_fp32_io_fp32_all_b0_p2,fp32_io_fp32_all,0,2,24,174112.758976,174112.760287,174112.759632,0.0013114780013,12.055344642,9772001568
whole_precision_1785237404726_fp32_io_fp32_all_b0_p2,fp32_io_fp32_all,0,2,25,174113.260412,174113.261773,174113.261093,0.00136132800253,12.556805583,9772100734
whole_precision_1785237404726_fp32_io_fp32_all_b0_p2,fp32_io_fp32_all,0,2,26,174113.761866,174113.763224,174113.762545,0.00135812800727,13.058258255,9772199410
whole_precision_1785237404726_fp32_io_fp32_all_b0_p2,fp32_io_fp32_all,0,2,27,174114.263449,174114.264852,174114.264151,0.00140327701229,13.5598636135,9772294931
whole_precision_1785237404726_fp32_io_fp32_all_b0_p2,fp32_io_fp32_all,0,2,28,174114.765345,174114.767467,174114.766406,0.00212215899955,14.0621193225,9772361676
whole_precision_1785237404726_fp32_io_fp32_all_b0_p2,fp32_io_fp32_all,0,2,29,174114.767495,174114.769505,174114.7685,0.00201043998823,14.064213151,9772361676
